Asset,CAPM_R2,FF3_R2,R2_Improvement,F_Stat_SMB_HML,F_pval_SMB_HML,SMB_Significant,HML_Significant
BAC,0.021489571978457578,0.03561201172929396,0.01412243975083638,8.793685916374788,0.0001616752966608903,True,True
BLK,0.0313760975042251,0.034415249138115,0.0030391516338899027,1.8900573507627187,0.15151220057057946,False,False
CG,0.028854738348999986,0.03351899618881293,0.004664257839812946,2.8980257467686017,0.05551759965675096,False,False
CME,0.0005101817391164332,0.0015924826059215968,0.0010823008668051637,0.6509583103028599,0.5217296501590394,False,False
JPM,0.018047678345561757,0.029314269231370038,0.01126659088580828,6.969905513673189,0.00097822923066182,True,True
MET,0.006795371170995823,0.029063366737837493,0.02226799556684167,13.772197772537764,1.2200214755120342e-06,True,True
MS,0.016901116995255094,0.024438483192489424,0.00753736619723433,4.639572516401733,0.00983565519073526,True,True
Portfolio_EQ,0.026945445023810133,0.03821940296871129,0.011273957944901158,7.039039638364486,0.0009136129516478242,True,True
